system:time_start,B1,B2,B3,B4,B5,B6,B7,,,Quarters,(All),,,,,,,,,,,,,,,
06-Jan-11,555.554,637.627,663.108,920.27,751.162,"2,916.02",599.162,,,,,,,,,,,,,,,,,,,
13-Jan-11,"1,094.51","1,182.30","1,174.48","1,315.57","1,058.57","2,938.92",850.097,,,Row Labels,Average of B1,Average of B2,Average of B3,Average of B4,Average of B5,Average of B6,Average of B7,,Row Labels,Average of B1,Average of B2,Average of B3,Average of B4,Average of B5,Average of B6,Average of B7
22-Jan-11,590.573,633.292,644.399,906.579,768.758,"2,961.60",617.472,,,2011,915.2505909,1056.312773,1128.548091,1434.917364,1346.558227,3008.086273,1141.192273,,2011,915.2505909,1056.312773,1128.548091,1434.917364,1346.558227,3008.086273,1141.192273
29-Jan-11,803.673,889.041,988.298,"1,527.21","1,389.21","2,976.70","1,166.06",,,2012,1168.583382,1368.186235,1451.206559,1839.007265,1690.345324,2992.201265,1431.559941,,2012,1168.583382,1368.186235,1451.206559,1839.007265,1690.345324,2992.201265,1431.559941
14-Feb-11,874.087,981.536,"1,012.13","1,289.36","1,086.70","2,983.59",922.681,,,2013,1046.921741,1210.759852,1254.310926,1494.631481,1328.593704,2967.597407,1153.781037,,2013,1046.921741,1210.759852,1254.310926,1494.631481,1328.593704,2967.597407,1153.781037
02-Mar-11,785.857,940.453,"1,081.11","1,459.75","1,420.36","2,999.54","1,234.02",,,2014,1079.561897,1219.546621,1284.672,1464.438103,1373.600069,2982.300034,1207.368655,,2014,1079.561897,1219.546621,1284.672,1464.438103,1373.600069,2982.300034,1207.368655
27-Mar-11,828.124,997.629,"1,087.27","1,427.20","1,327.64","3,072.95","1,142.68",,,2015,961.3726333,1137.8701,1201.507867,1431.045733,1329.565167,3004.639267,1144.3681,,2015,961.3726333,1137.8701,1201.507867,1431.045733,1329.565167,3004.639267,1144.3681
03-Apr-11,874.864,"1,070.68","1,244.33","1,765.08","1,747.74","3,079.57","1,511.01",,,2016,1246.205667,1350.629967,1560.593167,1873.314567,1860.379867,3019.484733,1617.914067,,2016,1246.205667,1350.629967,1560.593167,1873.314567,1860.379867,3019.484733,1617.914067
19-Apr-11,856.719,"1,074.81","1,250.57","1,788.33","1,774.35","3,098.35","1,494.04",,,2017,1033.549486,1181.4294,1254.5746,1464.953286,1320.589171,2996.455514,1121.434086,,2017,1033.549486,1181.4294,1254.5746,1464.953286,1320.589171,2996.455514,1121.434086
05-May-11,"1,028.11","1,284.35","1,491.01","1,979.27","2,072.35","3,054.10","1,704.47",,,2018,1011.51731,1198.938828,1328.448241,1739.469655,1697.087897,3025.872586,1449.378517,,2018,1011.51731,1198.938828,1328.448241,1739.469655,1697.087897,3025.872586,1449.378517
14-May-11,"1,128.68","1,361.92","1,638.47","2,230.33","2,425.77","3,124.22","2,095.57",,,2019,1213.966606,1398.906545,1551.110818,1959.929727,1862.643788,2999.874152,1554.749727,,2019,1213.966606,1398.906545,1551.110818,1959.929727,1862.643788,2999.874152,1554.749727
30-May-11,"1,074.41","1,386.47","1,643.96","2,231.96","2,441.95","3,102.42","2,009.84",,,Grand Total,1082.669186,1244.43403,1344.891309,1644.775684,1544.253606,2999.518167,1321.198599,,,,,,,,,
26-Sep-11,"1,869.64","1,992.45","2,020.12","2,372.01","2,164.07","2,930.65","1,737.58",,,,,,,,,,,,,,,,,,,
21-Oct-11,"1,091.99","1,095.98","1,121.84","1,271.97","1,030.47","3,018.17",881.995,,,,,,,,,,,,,,,,,,,
28-Oct-11,700.019,827.821,820.947,986.159,835.343,"3,017.46",720.923,,,,,,,,,,,,,,,,,,,
06-Nov-11,643.776,770.609,728.359,872.974,685.682,"3,006.13",584.063,,,,,,,,,,,,,,,,,,,
13-Nov-11,776.681,945.986,975.362,"1,165.84","1,093.70","3,020.55",962.71,,,,,,,,,,,,,,,,,,,
22-Nov-11,758.267,860.294,917.811,"1,163.37","1,122.98","3,018.59","1,000.99",,,,,,,,,,,,,,,,,,,
08-Dec-11,847.522,990.478,949.143,"1,080.60",908.749,"2,993.19",775.429,,,,,,,,,,,,,,,,,,,
15-Dec-11,795.244,981.2,984.054,"1,166.46","1,083.92","2,967.75",966.946,,,,,,,,,,,,,,,,,,,
24-Dec-11,788.907,869.927,889.976,"1,055.17",921.751,"2,959.36",818.434,,,,,,,,,,,,,,,,,,,
31-Dec-11,"1,368.30","1,464.04","1,501.32","1,592.75","1,513.08","2,938.05","1,310.07",,,,,,,,,,,,,,,,,,,
09-Jan-12,918.824,"1,088.41","1,132.54","1,309.80","1,318.55","2,939.28","1,196.27",,,,,,,,,,,,,,,,,,,
16-Jan-12,"1,069.48","1,237.73","1,204.09","1,284.48","1,031.51","2,935.71",836.198,,,Year,Month,Average of B1,Average of B2,Average of B3,Average of B4,Average of B5,Average of B6,Average of B7,,,,,,,,
25-Jan-12,824.551,962.844,"1,025.53","1,280.89","1,228.48","2,953.03","1,063.05",,,2011,Jan,761.078,835.565,867.57075,1167.40475,991.924,2948.31025,808.19725,,,,,,,,
01-Feb-12,699.218,919.99,919.827,"1,106.98",928.609,"2,945.58",813.069,,,,Feb,874.087,981.536,1012.13,1289.362,1086.696,2983.594,922.681,,,,,,,,
10-Feb-12,863.627,"1,075.37","1,163.79","1,423.65","1,456.33","2,954.08","1,303.72",,,,Mar,806.9905,969.041,1084.192,1443.475,1373.9995,3036.243,1188.3485,,,,,,,,
17-Feb-12,944.542,"1,156.45","1,267.59","1,503.77","1,568.39","2,966.58","1,407.75",,,,Apr,865.7915,1072.7465,1247.449,1776.702,1761.043,3088.958,1502.5245,,,,,,,,
26-Feb-12,847.128,"1,026.45","1,154.42","1,421.66","1,432.97","2,993.20","1,295.02",,,,May,1077.067,1344.243333,1591.143333,2147.185667,2313.354667,3093.583333,1936.625667,,,,,,,,
04-Mar-12,896.084,"1,175.64","1,228.71","1,462.23","1,357.00","3,031.29","1,166.25",,,,Sep,1869.642,1992.448,2020.119,2372.01,2164.07,2930.647,1737.577,,,,,,,,
13-Mar-12,937.413,"1,184.83","1,312.27","1,647.05","1,711.76","3,038.78","1,513.53",,,,Oct,896.0045,961.898,971.395,1129.0625,932.907,3017.818,801.459,,,,,,,,
20-Mar-12,"1,581.58","1,881.06","2,046.72","2,281.40","2,162.13","3,041.95","1,886.71",,,,Nov,726.2413333,858.963,873.844,1067.394,967.452,3015.09,849.2556667,,,,,,,,
29-Mar-12,"1,082.99","1,266.37","1,450.02","1,895.06","1,873.29","3,091.55","1,643.11",,,,Dec,949.9935,1076.41175,1081.123,1223.74325,1106.875,2964.5895,967.71875,,,,,,,,
05-Apr-12,979.527,"1,274.21","1,446.82","1,998.24","2,027.12","3,104.30","1,757.74",,,2012,Jan,937.6166667,1096.328,1120.72,1291.725667,1192.847333,2942.675333,1031.837333,,,,,,,,
14-Apr-12,"1,149.00","1,411.14","1,561.78","2,171.34","2,115.62","3,059.56","1,739.22",,,,Feb,838.62875,1044.56475,1126.409,1364.0135,1346.57225,2964.86275,1204.88875,,,,,,,,
21-Apr-12,867.768,"1,155","1,310.48","2,169.90","2,170.77","3,073.22","1,661.07",,,,Mar,1124.516,1376.976,1509.429,1821.434,1776.04325,3050.891,1552.40175,,,,,,,,
30-Apr-12,"1,061.72","1,271.38","1,489.30","2,200.07","2,204.36","3,135.91","1,825.95",,,,Apr,1014.503,1277.9325,1452.093,2134.8865,2129.46725,3093.24625,1745.9955,,,,,,,,
07-May-12,"1,055.44","1,346.32","1,554.47","2,166.51","2,258.65","3,075.22","1,792.47",,,,May,1068.576,1351.18,1562.608,2087.663,2214.8525,3097.712,1820.142,,,,,,,,
23-May-12,"1,081.71","1,356.05","1,570.75","2,008.82","2,171.05","3,120.21","1,847.82",,,,Jun,2300.660667,2511.196333,2745.616333,3229.641667,3022.955333,2915.496333,2339.743667,,,,,,,,
01-Jun-12,"1,381.29","1,632.16","1,978.87","2,695.22","2,892.35","3,077.80","2,319.18",,,,Jul,4141.855,4155.232,4468.319,5138.353,4965.14,2695.251,4724.855,,,,,,,,
08-Jun-12,"4,053.56","4,301.22","4,552.24","4,980.94","4,234.51","2,668.67","3,199.94",,,,Sep,1275.948,1485.635,1442.305,1850.382,1565.3895,2980.079,1263.671,,,,,,,,
24-Jun-12,"1,467.14","1,600.21","1,705.73","2,012.77","1,942.01","3,000.02","1,500.11",,,,Oct,854.258,1024.488,1007.772,1326.10775,1079.99175,3015.90475,918.16675,,,,,,,,
03-Jul-12,"4,141.86","4,155.23","4,468.32","5,138.35","4,965.14","2,695.25","4,724.86",,,,Nov,901.7496667,1023.828,1007.469667,1293.297667,972.2203333,2989.471333,834.38,,,,,,,,
21-Sep-12,"1,756.66","1,946.79","1,874.30","2,319.89","1,942.55","2,938.73","1,527.58",,,,Dec,788.307,974.892,964.662,1370.5105,1013.4375,2960.3655,869.21575,,,,,,,,
28-Sep-12,795.233,"1,024.49","1,010.31","1,380.88","1,188.23","3,021.43",999.762,,,2013,Jan,790.254,968.053,1001.012333,1327.17,1098.901333,2946.333667,971.2366667,,,,,,,,
07-Oct-12,952.744,"1,031.95","1,016.16","1,377.67","1,021.25","2,991.94",833.345,,,,Feb,852.91125,1014.93925,1033.6525,1317.254,1083.43775,2961.9125,946.88225,,,,,,,,
14-Oct-12,765.37,986.34,994.19,"1,331.47","1,181.86","3,040.43","1,037.83",,,,Mar,780.2543333,966.1523333,1002.696333,1247.441667,1102.046667,3023.883,992.1206667,,,,,,,,
23-Oct-12,968.578,"1,127.73","1,087.64","1,351.00","1,096.38","3,013.24",924.74,,,,Apr,1530.290333,1720.652333,1830.285,2189.678,1771.987667,2916.485667,1546.074,,,,,,,,
30-Oct-12,730.34,951.941,933.098,"1,244.30","1,020.48","3,018.01",876.752,,,,May,949.546,1225.348,1304.329,1605.222,1545.203,3096.522,1385.415,,,,,,,,
08-Nov-12,"1,064.22","1,116.30","1,125.91","1,444.53","1,091.68","2,997.98",929.971,,,,Jun,3182.574,3339.083,3488.279,3785.441,3796.529,2826.569,3332.078,,,,,,,,
15-Nov-12,982.975,"1,158.95","1,143.68","1,428.88","1,105.74","2,990.86",950.772,,,,Sep,1545.4845,1720.5395,1754.069,2085.252,1895.3075,2947.8645,1494.2755,,,,,,,,
24-Nov-12,658.059,796.24,752.819,"1,006.49",719.24,"2,979.58",622.397,,,,Oct,749.6545,891.6395,912.167,1103.6605,1037.1045,3017.979,895.6165,,,,,,,,
01-Dec-12,765.597,983.962,999.855,"1,393.29","1,106.65","2,962.94",971.881,,,,Nov,862.393,989.4755,992.523,1112.0945,993.90325,2972.86625,849.36,,,,,,,,
10-Dec-12,790.405,892.737,913.815,"1,307.76","1,004.94","2,976.36",841.107,,,,Dec,845.219,979.87375,1033.658,1144.07475,1109.32575,2967.7825,985.387,,,,,,,,
17-Dec-12,933.03,"1,120.19","1,093.72","1,451.20","1,058.95","2,949.67",894.772,,,2014,Jan,1499.709,1588.362,1617.34125,1737.1435,1386.857,2865.408,1207.845,,,,,,,,
26-Dec-12,664.196,902.681,851.26,"1,329.79",883.211,"2,952.50",769.103,,,,Feb,755.737,858.2495,862.219,917.131,825.618,2978.6445,722.964,,,,,,,,
02-Jan-13,863.619,"1,060.12","1,127.65","1,419.42","1,314.77","2,960.33","1,193.92",,,,Mar,814.13225,949.783,1033.92375,1167.94775,1139.546,3015.788,1016.18775,,,,,,,,
11-Jan-13,675.93,817.599,828.75,"1,221.80",876.18,"2,936.91",740.116,,,,Apr,911.01875,1112.66075,1211.3135,1372.8595,1388.9385,3065.87625,1230.31975,,,,,,,,
18-Jan-13,831.213,"1,026.44","1,046.63","1,340.29","1,105.76","2,941.77",979.673,,,,May,1052.78,1293.17325,1413.21175,1619.68925,1638.98625,3071.3625,1438.976,,,,,,,,
03-Feb-13,972.922,"1,170.63","1,209.16","1,435.71","1,233.68","2,957.52","1,075.37",,,,Jun,1695.985,1835.6725,2003.4155,2361.9745,2425.9455,2912.346,2124.838,,,,,,,,
12-Feb-13,"1,152.89","1,233.95","1,334.80","1,713.00","1,545.66","2,938.19","1,365.45",,,,Oct,1427.927,1527.076,1556.1275,1846.5795,1680.735,2950.995,1500.9495,,,,,,,,
19-Feb-13,642.364,807.242,795.485,"1,006.36",769.788,"2,958.58",637.364,,,,Nov,1017.062,1091.66875,1109.53825,1319.27925,1138.18375,2959.8135,967.57,,,,,,,,
28-Feb-13,643.468,847.937,795.171,"1,113.95",784.624,"2,993.36",709.346,,,,Dec,789.7296667,927.4216667,956.8833333,1116.552667,1066.586333,2963.245667,957.5313333,,,,,,,,
07-Mar-13,737.725,970.42,996.652,"1,312.06","1,104.97","3,036.68","1,017.88",,,2015,848.4206667,975.6596667,1007.457,1143.563667,1062.265333,2940.649,928.364,,,,,,,,,
16-Mar-13,863.177,966.532,"1,023.67","1,236.22","1,089.81","3,004.44",959.394,,,,875.2555,1039.29625,1113.17225,1327.0505,1345.53575,2996.04325,1203.9025,,,,,,,,,
23-Mar-13,739.861,961.505,987.767,"1,194.05","1,111.36","3,030.53",999.084,,,,684.6593333,765.3496667,777.6493333,920.6383333,820.9006667,2986.755333,703.888,,,,,,,,,
01-Apr-13,861.847,"1,102.98","1,158.90","1,422.49","1,373.17","3,065.75","1,255.84",,,,974.728,1172.3265,1252.296,1447.796,1399.93825,3035.55,1214.23525,,,,,,,,,
08-Apr-13,"2,605.28","2,773.55","2,914.70","3,378.91","2,282.05","2,651.83","1,965.08",,,,1003.32,1228.289,1318.444,1530.891333,1469.741,3066.407,1279.170667,,,,,,,,,
17-Apr-13,"1,123.75","1,285.43","1,417.26","1,767.63","1,660.75","3,031.88","1,417.30",,,,1110.372,1422.366,1580.927,1849.848,1883.628,3107.256,1706.549,,,,,,,,,
03-May-13,949.546,"1,225.35","1,304.33","1,605.22","1,545.20","3,096.52","1,385.42",,,,1879.436,2093.256,2162.509,2554.4285,2217.6605,2956.3855,1745.9265,,,,,,,,,
04-Jun-13,"3,182.57","3,339.08","3,488.28","3,785.44","3,796.53","2,826.57","3,332.08",,,,833.166,1033.631,1071.900667,1391.142333,1274.448,3050.270333,1092.166,,,,,,,,,
08-Sep-13,"1,948.42","2,102.98","2,151.89","2,422.84","2,233.82","2,948.28","1,734.26",,,,996.6483333,1140.056333,1169.509333,1394.74,1190.663667,3009.555,1019.864667,,,,,,,,,
15-Sep-13,"1,142.55","1,338.10","1,356.25","1,747.67","1,556.79","2,947.45","1,254.29",,,,868.3395,1062.94425,1160.63425,1432.5885,1283.0135,2957.967,1097.4325,,,,,,,,,
17-Oct-13,719.263,911.253,928.437,"1,104.53","1,076.17","3,033.43",944.047,,,2016,Jan,961.03475,1142.45575,1290.077,1622.6475,1665.399,2990.982,1470.21925,,,,,,,,
26-Oct-13,780.046,872.026,895.897,"1,102.79",998.041,"3,002.53",847.186,,,,Feb,1064.255,1294.80625,1512,1943.06325,2109.56325,3025.50725,1892.29725,,,,,,,,
02-Nov-13,773.11,941.78,951.61,"1,121.76","1,082.50","3,023.01",945.75,,,,Mar,1218.5725,1484.26725,1706.79025,2283.483,2339.66775,3064.41175,2058.50825,,,,,,,,
11-Nov-13,925.56,"1,059.93","1,060.12","1,257.70","1,156.61","2,985.44",983.406,,,,Apr,961.0145,1216.5405,1395.6275,1850.2785,1865.174,3111.485,1627.983,,,,,,,,
18-Nov-13,840.502,978.024,951.488,975.845,804.889,"2,964.48",684.952,,,,May,1181.620667,1476.958667,1738.885667,2232.531,2388.863,3121.270333,2086.019,,,,,,,,
27-Nov-13,910.4,978.166,"1,006.87","1,093.07",931.61,"2,918.54",783.332,,,,Jun,7303.952,4578.469,6663.876,5121.455,4202.179,2679.566,3112.372,,,,,,,,
04-Dec-13,849.112,"1,024.95","1,080.80","1,186.91","1,207.41","2,990.10","1,092.78",,,,Sep,905.396,1120.928,1170.377,1582.763,1431.903,2986.816,1173.961,,,,,,,,
13-Dec-13,806.267,983.956,"1,046.18","1,213.52","1,239.60","2,999.37","1,125.45",,,,Oct,1470.51,1569.668667,1592.703667,1875.864667,1602.807333,2972.787,1319.391333,,,,,,,,
20-Dec-13,705.049,899.672,931.005,965.623,856.074,"2,952.86",744.588,,,,Nov,772.466,906.03,960.66925,1209.71625,1153.176,3022.4385,1039.23875,,,,,,,,
29-Dec-13,"1,020.45","1,010.92","1,076.64","1,210.24","1,134.21","2,928.80",978.731,,,,Dec,808.272,984.0755,1079.84325,1308.45875,1350.18275,2999.915,1234.4595,,,,,,,,
05-Jan-14,752.152,889.091,926.061,"1,041.33","1,040.61","2,954.36",935.242,,,2017,Jan,918.862,1027.74125,1092.3255,1252.24275,1199.112,2958.44475,1049.27825,,,,,,,,
14-Jan-14,"1,148.18","1,260.26","1,303.44","1,390.75","1,394","2,949.80","1,254.08",,,,Feb,779.2396667,899.0826667,952.4163333,1100.23,1021.784,2986.969,892.3363333,,,,,,,,
21-Jan-14,"3,482.85","3,481.70","3,494.44","3,634.72","2,327.75","2,599.83","1,975.99",,,,Mar,751.91675,919.742,1016.106,1238.88975,1205.8695,3032.44775,1080.8255,,,,,,,,
30-Jan-14,615.651,722.398,745.422,881.771,785.072,"2,957.64",666.072,,,,Apr,828.917,1045.20025,1140.94625,1402.14375,1364.79575,3079.257,1212.4935,,,,,,,,
06-Feb-14,672.596,778.938,791.487,846.886,768.026,"2,984.94",692.767,,,,May,1047.452,1312.905,1431.129,1651.072,1597.842667,3066.715667,1392.825,,,,,,,,
22-Feb-14,838.878,937.561,932.951,987.376,883.21,"2,972.35",753.161,,,,Jun,2234.0115,2335.601,2778.9225,2850.8885,2819.9295,2972.7005,2320.3125,,,,,,,,
03-Mar-14,819.282,908.441,"1,020.81","1,277.65","1,219.04","2,969.64","1,085.10",,,,Jul,1881.291,2141.228,2240.114,2707.304,2525.829,2952.013,2104.361,,,,,,,,
10-Mar-14,900.609,999.366,"1,068.56","1,181.43","1,158.64","3,011.48","1,027.12",,,,Sep,1291.913333,1443.359333,1436.816,1788.601333,1446.682667,2950.119333,1150.436,,,,,,,,
19-Mar-14,820.114,984.811,"1,079.31","1,210.10","1,200.52","3,040.93","1,079.32",,,,Oct,816.7183333,956.4313333,994.388,1307.648667,1139.341667,3037.604667,964.5673333,,,,,,,,
26-Mar-14,716.524,906.514,967.011,"1,002.62",979.978,"3,041.10",873.205,,,,Nov,859.59525,995.58025,1010.2405,1209.11425,986.904,2994.368,822.001,,,,,,,,
04-Apr-14,810.319,947.922,"1,038.20","1,136.27","1,090.27","3,065.53",974.338,,,,Dec,1145.446,1187.30225,1157.35775,1228.0165,852.81375,2899.05825,661.58,,,,,,,,
11-Apr-14,790.851,"1,012.25","1,082.14","1,188.45","1,186.81","3,059.96","1,068.25",,,2018,Jan,798.7103333,884.686,891.2753333,1018.715667,859.443,2954.15,729.995,,,,,,,,
20-Apr-14,"1,052.72","1,257.66","1,366.68","1,577.60","1,608.85","3,051.87","1,392.08",,,,Feb,848.5356667,1002.627,1070.122,1201.771667,1135.564,3009.524667,1018.03,,,,,,,,
27-Apr-14,990.184,"1,232.81","1,358.24","1,589.12","1,669.82","3,086.15","1,486.61",,,,Mar,851.0815,1031.59125,1141.43225,1396.2355,1344.80125,3053.4135,1209.52275,,,,,,,,
06-May-14,"1,118.80","1,291.91","1,455.57","1,740.92","1,766.23","3,057.50","1,525.29",,,,Apr,1151.552,1364.119,1518.274667,1970.633,1922.008333,3010.946333,1707.414,,,,,,,,
13-May-14,"1,039.19","1,297.77","1,417.72","1,621.43","1,666.77","3,056.13","1,470.80",,,,May,1107.978,1376.050667,1600.148333,2070.950333,2184.886,3146.57,1948.382333,,,,,,,,
22-May-14,942.969,"1,192.82","1,296.16","1,468.39","1,493.75","3,107.67","1,342.55",,,,Jun,1318.465,1626.256,1849.837,2228.407,2303.593,3059.267,1951.453,,,,,,,,
29-May-14,"1,110.16","1,390.19","1,483.41","1,648.02","1,629.19","3,064.15","1,417.27",,,,Sep,882.604,1120.657,1234.222,1744.285,1710.333,3075.203,1505.966,,,,,,,,
07-Jun-14,"2,159.68","2,269.12","2,527.72","3,054.14","3,330.99","2,841.02","2,977.17",,,,Oct,873.2235,1037.4125,1131.4385,1543.50775,1451.4315,3054.3425,1236.881,,,,,,,,
30-Jun-14,"1,232.29","1,402.23","1,479.11","1,669.81","1,520.90","2,983.67","1,272.51",,,,Nov,1068.703333,1243.305333,1385.949333,1972.736333,1966.040667,3040.696667,1644.994333,,,,,,,,
13-Oct-14,672.333,758.294,776.039,977.275,841.775,"3,038.92",733.167,,,,Dec,1327.31875,1533.4835,1738.037,2502.1335,2453.2165,2924.787,1910.624,,,,,,,,
29-Oct-14,"2,183.52","2,295.86","2,336.22","2,715.88","2,519.70","2,863.07","2,268.73",,,2019,Jan,971.395,1200.167,1421.028,1948.25625,2104.0935,2994.4885,1809.1595,,,,,,,,
05-Nov-14,700.957,851.594,904.652,"1,101.39","1,087.83","3,038.16",971.725,,,,Feb,1404.945667,1491.456,1623.030667,1947.873,1988.274667,2988.133667,1709.232,,,,,,,,
14-Nov-14,"1,310.53","1,254.17","1,282.46","1,498.54","1,114.87","2,886.48",874.892,,,,Mar,1047.08475,1308.4445,1592.72125,2173.0825,2363.5145,3063.39975,2000.698,,,,,,,,
21-Nov-14,"1,094.02","1,216.12","1,237.47","1,491.48","1,337.42","2,937.39","1,164.68",,,,Apr,1046.90725,1380.65175,1720.98075,2352.1415,2634.38075,3141.9425,2201.59175,,,,,,,,
30-Nov-14,962.751,"1,044.79","1,013.58","1,185.71","1,012.62","2,977.23",858.985,,,,May,1141.22225,1461.6835,1768.33175,2271.173,2496.51475,3112.82725,2108.8845,,,,,,,,
07-Dec-14,673.478,843.542,836.502,980.597,883.582,"2,974.30",786.005,,,,Jun,2894.697,3108.5085,3341.806,3882.9775,2451.523,2751.6905,2090.497,,,,,,,,
16-Dec-14,758.716,838,870.755,"1,042.84",959.667,"2,946.78",845.172,,,,Jul,2404.278,2258.732,2421.644,2633.849,2184.132,2946.683,1594.132,,,,,,,,
23-Dec-14,936.995,"1,100.72","1,163.39","1,326.22","1,356.51","2,968.66","1,241.42",,,,Aug,1259.9865,1366.2195,1267.3145,1547.9225,1096.4385,2907.2595,828.357,,,,,,,,
08-Jan-15,758.421,915.243,932.495,"1,047.02","1,018.01","2,960.43",902.54,,,,Oct,621.089,741.064,658.402,902.625,586.145,3007.375,447.7335,,,,,,,,
17-Jan-15,815.764,900.61,980.446,"1,184.91","1,153.31","2,951.22","1,032.36",,,,Nov,995.663,1030.023,978.808,1176.494,804.5766667,2979.652333,595.056,,,,,,,,
24-Jan-15,971.077,"1,111.13","1,109.43","1,198.76","1,015.48","2,910.30",850.193,,,,Dec,1019.203,1126.344,1103.05125,1256.267,1060.583,2890.631,896.30875,,,,,,,,
02-Feb-15,951.97,"1,111.28","1,150.80","1,343.20","1,335.19","2,980.04","1,191.83",,,,,,,,,,,,,,,,,,,
09-Feb-15,751.792,943.545,998.723,"1,136.02","1,156.71","2,978.00","1,047.70",,,,,,,,,,,,,,,,,,,
18-Feb-15,941.368,"1,049.76","1,155.21","1,451.29","1,460.42","3,026.17","1,288.82",,,,,,,,,,,,,,,,,,,
25-Feb-15,855.892,"1,052.61","1,147.96","1,377.69","1,429.83","2,999.96","1,287.26",,,,,,,,,,,,,,,,,,,
06-Mar-15,739.039,829.401,789.058,906.174,777.227,"2,976.31",641.589,,,,,,,,,,,,,,,,,,,
13-Mar-15,564.705,620.633,622.203,713.522,587.729,"2,932.94",498.647,,,,,,,,,,,,,,,,,,,
22-Mar-15,750.234,846.015,921.687,"1,142.22","1,097.75","3,051.02",971.428,,,,,,,,,,,,,,,,,,,
07-Apr-15,"1,252.64","1,511.18","1,615.64","1,818.37","1,719.84","3,009.54","1,443.33",,,,,,,,,,,,,,,,,,,
14-Apr-15,945.348,"1,125.49","1,204.54","1,406.95","1,401.30","3,009.08","1,225.70",,,,,,,,,,,,,,,,,,,
23-Apr-15,718.256,827.797,830.768,966.932,835.836,"3,025.87",698.618,,,,,,,,,,,,,,,,,,,
30-Apr-15,982.664,"1,224.84","1,358.23","1,598.93","1,642.78","3,097.71","1,489.30",,,,,,,,,,,,,,,,,,,
09-May-15,807.525,993.495,989.534,"1,071.87",942.843,"3,048.82",804.417,,,,,,,,,,,,,,,,,,,
16-May-15,"1,123.76","1,420.55","1,540.76","1,754.50","1,746.42","3,098.71","1,569.32",,,,,,,,,,,,,,,,,,,
25-May-15,"1,078.68","1,270.82","1,425.04","1,766.30","1,719.97","3,051.69","1,463.78",,,,,,,,,,,,,,,,,,,
01-Jun-15,"1,110.37","1,422.37","1,580.93","1,849.85","1,883.63","3,107.26","1,706.55",,,,,,,,,,,,,,,,,,,
05-Sep-15,"2,575.69","2,787.11","2,873.61","3,352.92","2,964.87","2,936.68","2,327.16",,,,,,,,,,,,,,,,,,,
14-Sep-15,"1,183.18","1,399.40","1,451.41","1,755.94","1,470.45","2,976.09","1,164.69",,,,,,,,,,,,,,,,,,,
07-Oct-15,852.901,"1,100.65","1,169.92","1,646.22","1,527.13","3,055.14","1,285.36",,,,,,,,,,,,,,,,,,,
16-Oct-15,863.249,"1,015.59","1,020.09","1,226.55","1,085.09","3,030.67",924.055,,,,,,,,,,,,,,,,,,,
23-Oct-15,783.348,984.652,"1,025.70","1,300.65","1,211.13","3,065","1,067.09",,,,,,,,,,,,,,,,,,,
01-Nov-15,864.776,978.298,"1,015.71","1,346.21","1,104.33","2,996.56",900.42,,,,,,,,,,,,,,,,,,,
08-Nov-15,"1,033.64","1,184.60","1,209.75","1,399.14","1,257.91","3,027.56","1,114.35",,,,,,,,,,,,,,,,,,,
17-Nov-15,"1,091.53","1,257.27","1,283.07","1,438.88","1,209.75","3,004.55","1,044.83",,,,,,,,,,,,,,,,,,,
03-Dec-15,827.831,976.899,"1,109.68","1,540.30","1,380.91","2,986.07","1,159.90",,,,,,,,,,,,,,,,,,,
10-Dec-15,896.162,"1,085.26","1,163.20","1,348.66","1,237.03","2,957.74","1,027.07",,,,,,,,,,,,,,,,,,,
19-Dec-15,901.327,"1,112.60","1,188.59","1,418.58","1,250.94","2,947.67","1,098.43",,,,,,,,,,,,,,,,,,,
26-Dec-15,848.038,"1,077.02","1,181.07","1,422.81","1,263.18","2,940.39","1,104.33",,,,,,,,,,,,,,,,,,,
04-Jan-16,887.78,"1,013.68","1,156.55","1,557.84","1,344.29","2,984.19","1,140.95",,,,,,,,,,,,,,,,,,,
11-Jan-16,987.719,"1,183.16","1,328.84","1,626.68","1,765.82","3,004.73","1,600.03",,,,,,,,,,,,,,,,,,,
20-Jan-16,"1,043.71","1,257.16","1,414.18","1,794.46","1,891.85","2,979.36","1,648.14",,,,,,,,,,,,,,,,,,,
27-Jan-16,924.928,"1,115.82","1,260.74","1,511.60","1,659.63","2,995.65","1,491.75",,,,,,,,,,,,,,,,,,,
05-Feb-16,987.25,"1,156.74","1,416.78","1,827.91","2,058.41","3,025.32","1,877.23",,,,,,,,,,,,,,,,,,,
12-Feb-16,"1,062.76","1,321.84","1,513.63","1,843.16","1,964.70","3,008.97","1,769.69",,,,,,,,,,,,,,,,,,,
21-Feb-16,"1,291.62","1,518.82","1,720.08","2,246.80","2,335.22","2,993.26","2,051.28",,,,,,,,,,,,,,,,,,,
28-Feb-16,915.391,"1,181.83","1,397.51","1,854.38","2,079.93","3,074.48","1,871",,,,,,,,,,,,,,,,,,,
08-Mar-16,997.659,"1,185.50","1,406.87","2,006.57","2,117.51","3,080.06","1,812.51",,,,,,,,,,,,,,,,,,,
15-Mar-16,"1,739.67","2,034.59","2,260.89","2,918.70","2,802.64","2,934.21","2,490.92",,,,,,,,,,,,,,,,,,,
24-Mar-16,"1,032.78","1,339.38","1,571.45","2,141.32","2,314.35","3,163.53","2,035.39",,,,,,,,,,,,,,,,,,,
31-Mar-16,"1,104.18","1,377.60","1,587.95","2,067.35","2,124.16","3,079.85","1,895.22",,,,,,,,,,,,,,,,,,,
09-Apr-16,977.58,"1,173.99","1,374.46","1,837.32","1,912.29","3,109.87","1,670.81",,,,,,,,,,,,,,,,,,,
16-Apr-16,944.449,"1,259.10","1,416.80","1,863.24","1,818.06","3,113.10","1,585.16",,,,,,,,,,,,,,,,,,,
02-May-16,"1,247.86","1,580.96","1,826.01","2,339.70","2,420.03","3,101.21","2,085.57",,,,,,,,,,,,,,,,,,,
11-May-16,"1,224.78","1,471.82","1,767.82","2,303.40","2,469.87","3,091.61","2,129.22",,,,,,,,,,,,,,,,,,,
18-May-16,"1,072.22","1,378.09","1,622.84","2,054.49","2,276.69","3,170.99","2,043.27",,,,,,,,,,,,,,,,,,,
19-Jun-16,"7,303.95","4,578.47","6,663.88","5,121.46","4,202.18","2,679.57","3,112.37",,,,,,,,,,,,,,,,,,,
23-Sep-16,905.396,"1,120.93","1,170.38","1,582.76","1,431.90","2,986.82","1,173.96",,,,,,,,,,,,,,,,,,,
09-Oct-16,"2,545.02","2,605.71","2,592.46","2,786.65","2,218.75","2,875.68","1,724.70",,,,,,,,,,,,,,,,,,,
18-Oct-16,855.8,977.141,"1,073.59","1,540.59","1,447.47","3,041.72","1,266.95",,,,,,,,,,,,,,,,,,,
25-Oct-16,"1,010.71","1,126.16","1,112.06","1,300.36","1,142.20","3,000.96",966.522,,,,,,,,,,,,,,,,,,,
03-Nov-16,971,"1,108.91","1,156.54","1,470.39","1,360.52","3,028.61","1,202.54",,,,,,,,,,,,,,,,,,,
10-Nov-16,773.826,935.71,"1,008.91","1,236.83","1,235.62","3,039.48","1,150.48",,,,,,,,,,,,,,,,,,,
19-Nov-16,716.048,778.913,844.546,"1,071.84","1,007.44","3,010.65",903.947,,,,,,,,,,,,,,,,,,,
26-Nov-16,628.99,800.589,832.678,"1,059.81","1,009.12","3,011.02",899.99,,,,,,,,,,,,,,,,,,,
05-Dec-16,894.451,"1,073.74","1,164.10","1,457.45","1,482.24","3,007.69","1,348.07",,,,,,,,,,,,,,,,,,,
12-Dec-16,718.286,919.184,988.029,"1,155.21","1,187.58","3,009.53","1,090.98",,,,,,,,,,,,,,,,,,,
21-Dec-16,740.409,864.394,971.073,"1,165.91","1,183.12","2,988.76","1,078.15",,,,,,,,,,,,,,,,,,,
28-Dec-16,879.942,"1,078.98","1,196.17","1,455.26","1,547.80","2,993.68","1,420.64",,,,,,,,,,,,,,,,,,,
06-Jan-17,"1,214.37","1,312.67","1,302.23","1,315.40","1,125.99","2,957.32",947.663,,,,,,,,,,,,,,,,,,,
13-Jan-17,757.913,924.362,"1,040.49","1,246.68","1,289.28","2,942.10","1,178.62",,,,,,,,,,,,,,,,,,,
22-Jan-17,"1,101.00","1,112.77","1,204.12","1,462.45","1,381.70","2,960.47","1,173.50",,,,,,,,,,,,,,,,,,,
29-Jan-17,602.169,761.169,822.461,984.442,999.487,"2,973.88",897.325,,,,,,,,,,,,,,,,,,,
07-Feb-17,718.415,882.195,947.088,"1,113.54","1,137.73","2,987.14","1,045.57",,,,,,,,,,,,,,,,,,,
14-Feb-17,884.841,973.899,980.942,"1,051.19",823.217,"2,953.87",649.159,,,,,,,,,,,,,,,,,,,
23-Feb-17,734.463,841.154,929.219,"1,135.97","1,104.41","3,019.90",982.284,,,,,,,,,,,,,,,,,,,
02-Mar-17,781.017,954.71,"1,116.25","1,430.94","1,512.96","3,058.39","1,393.71",,,,,,,,,,,,,,,,,,,
11-Mar-17,753.544,917.299,950.221,"1,103.85",982.191,"2,988.24",857.946,,,,,,,,,,,,,,,,,,,
18-Mar-17,813.592,"1,009.70","1,153.58","1,423.96","1,434.98","3,029.48","1,309.17",,,,,,,,,,,,,,,,,,,
27-Mar-17,659.514,797.255,844.37,996.812,893.351,"3,053.68",762.486,,,,,,,,,,,,,,,,,,,
03-Apr-17,677.773,881.821,925.614,"1,080.93","1,040.45","3,048.75",909.449,,,,,,,,,,,,,,,,,,,
12-Apr-17,853.677,"1,084.23","1,187.12","1,500.67","1,472.41","3,113.39","1,332.98",,,,,,,,,,,,,,,,,,,
19-Apr-17,846.121,"1,092.54","1,178.44","1,429.13","1,378.37","3,065.37","1,207.58",,,,,,,,,,,,,,,,,,,
28-Apr-17,938.097,"1,122.21","1,272.60","1,597.85","1,567.96","3,089.52","1,399.97",,,,,,,,,,,,,,,,,,,
05-May-17,845.764,"1,083.06","1,180.54","1,348.82","1,257.28","3,110.74","1,102.31",,,,,,,,,,,,,,,,,,,
14-May-17,"1,088.90","1,343.98","1,433.56","1,620.17","1,502.76","3,038.81","1,294.38",,,,,,,,,,,,,,,,,,,
21-May-17,"1,207.69","1,511.68","1,679.28","1,984.23","2,033.50","3,050.60","1,781.79",,,,,,,,,,,,,,,,,,,
06-Jun-17,"3,207.96","3,154.79","3,921.14","3,735.15","3,732.43","2,904.09","3,035.51",,,,,,,,,,,,,,,,,,,
15-Jun-17,"1,260.07","1,516.41","1,636.70","1,966.63","1,907.43","3,041.32","1,605.12",,,,,,,,,,,,,,,,,,,
08-Jul-17,"1,881.29","2,141.23","2,240.11","2,707.30","2,525.83","2,952.01","2,104.36",,,,,,,,,,,,,,,,,,,
10-Sep-17,"1,618.21","1,774.99","1,761.76","2,060.74","1,767.77","2,962.82","1,373.53",,,,,,,,,,,,,,,,,,,
19-Sep-17,"1,362.46","1,520.52","1,494.80","2,030.84","1,439.65","2,872.25","1,139.36",,,,,,,,,,,,,,,,,,,
26-Sep-17,895.077,"1,034.57","1,053.89","1,274.23","1,132.63","3,015.29",938.42,,,,,,,,,,,,,,,,,,,
05-Oct-17,754.304,876.25,980.363,"1,276.36","1,267.64","3,056.16","1,127.70",,,,,,,,,,,,,,,,,,,
21-Oct-17,829.878,954.51,933.429,"1,279.12",958.694,"3,025.95",737.459,,,,,,,,,,,,,,,,,,,
28-Oct-17,865.973,"1,038.53","1,069.37","1,367.47","1,191.69","3,030.70","1,028.55",,,,,,,,,,,,,,,,,,,
06-Nov-17,778.092,850.367,896.367,"1,173.30",983.418,"3,008.40",810.755,,,,,,,,,,,,,,,,,,,
13-Nov-17,993,"1,160.67","1,181.57","1,372.91","1,093.24","3,005.10",916.333,,,,,,,,,,,,,,,,,,,
22-Nov-17,847.956,994.863,964.376,"1,199.54",919.99,"2,972.02",735.346,,,,,,,,,,,,,,,,,,,
29-Nov-17,819.333,976.424,998.648,"1,090.72",950.97,"2,991.96",825.57,,,,,,,,,,,,,,,,,,,
08-Dec-17,"1,427.11","1,338.88","1,323.74","1,367.79",843.591,"2,913.67",579.01,,,,,,,,,,,,,,,,,,,
15-Dec-17,"1,548.72","1,598.31","1,584.76","1,652.89","1,114.84","2,806.88",886.707,,,,,,,,,,,,,,,,,,,
24-Dec-17,683,800.224,767.051,969.398,802.852,"2,949.71",652.791,,,,,,,,,,,,,,,,,,,
31-Dec-17,922.957,"1,011.80",953.884,921.986,649.971,"2,925.97",527.812,,,,,,,,,,,,,,,,,,,
09-Jan-18,928.057,902.788,878.378,957.145,574.451,"2,908.98",414.627,,,,,,,,,,,,,,,,,,,
16-Jan-18,632.906,767.46,750.901,899.703,782.396,"2,971.68",653.03,,,,,,,,,,,,,,,,,,,
25-Jan-18,835.168,983.81,"1,044.55","1,199.30","1,221.48","2,981.79","1,122.33",,,,,,,,,,,,,,,,,,,
01-Feb-18,854.232,"1,012.15","1,069.23","1,196.20","1,169.49","3,006.16","1,068.99",,,,,,,,,,,,,,,,,,,
17-Feb-18,833.285,948.319,996.169,"1,091.97",936.415,"2,988.79",801.174,,,,,,,,,,,,,,,,,,,
26-Feb-18,858.09,"1,047.42","1,144.97","1,317.15","1,300.78","3,033.62","1,183.93",,,,,,,,,,,,,,,,,,,
05-Mar-18,821.28,993.686,"1,137.31","1,395.75","1,485.26","3,057.83","1,362.25",,,,,,,,,,,,,,,,,,,
14-Mar-18,840.654,961.302,"1,027.44","1,195.33",981.917,"3,014.75",855.756,,,,,,,,,,,,,,,,,,,
21-Mar-18,839.515,"1,037.59","1,165.97","1,408.10","1,382.69","3,040.72","1,248.69",,,,,,,,,,,,,,,,,,,
30-Mar-18,902.877,"1,133.79","1,235.01","1,585.77","1,529.33","3,100.36","1,371.40",,,,,,,,,,,,,,,,,,,
06-Apr-18,955.402,"1,182.40","1,328.10","1,708.12","1,644.02","3,082","1,445.37",,,,,,,,,,,,,,,,,,,
15-Apr-18,"1,624.06","1,747.99","1,945.35","2,487.18","2,444.33","2,843.70","2,230.49",,,,,,,,,,,,,,,,,,,
22-Apr-18,875.191,"1,161.97","1,281.37","1,716.60","1,677.68","3,107.14","1,446.38",,,,,,,,,,,,,,,,,,,
01-May-18,"1,118.33","1,404.17","1,586.78","2,058.96","2,110.74","3,120.74","1,856.52",,,,,,,,,,,,,,,,,,,
17-May-18,"1,150.60","1,386.26","1,656.18","2,215.47","2,325.01","3,166.98","2,062.36",,,,,,,,,,,,,,,,,,,
24-May-18,"1,055.01","1,337.72","1,557.49","1,938.42","2,118.91","3,152.00","1,926.27",,,,,,,,,,,,,,,,,,,
02-Jun-18,"1,318.47","1,626.26","1,849.84","2,228.41","2,303.59","3,059.27","1,951.45",,,,,,,,,,,,,,,,,,,
29-Sep-18,882.604,"1,120.66","1,234.22","1,744.29","1,710.33","3,075.20","1,505.97",,,,,,,,,,,,,,,,,,,
08-Oct-18,986.309,"1,175.01","1,240.95","1,602.11","1,444.06","3,062.90","1,245.63",,,,,,,,,,,,,,,,,,,
15-Oct-18,806.12,967.731,"1,033.81","1,379.21","1,257.42","3,056.03","1,064.86",,,,,,,,,,,,,,,,,,,
24-Oct-18,859.395,967.434,"1,105.03","1,574.69","1,525.80","3,050.08","1,284.01",,,,,,,,,,,,,,,,,,,
31-Oct-18,841.07,"1,039.48","1,145.96","1,618.02","1,578.45","3,048.35","1,353.03",,,,,,,,,,,,,,,,,,,
09-Nov-18,"1,081.42","1,243.22","1,306.71","1,691.75","1,517.90","3,042.44","1,317.49",,,,,,,,,,,,,,,,,,,
16-Nov-18,"1,105.27","1,345.28","1,510.65","2,274.69","2,349.94","3,032.13","1,831.28",,,,,,,,,,,,,,,,,,,
25-Nov-18,"1,019.42","1,141.42","1,340.49","1,951.77","2,030.28","3,047.52","1,786.22",,,,,,,,,,,,,,,,,,,
02-Dec-18,"2,220.51","2,338.14","2,445.95","3,076.00","2,541.00","2,727.15","2,041.45",,,,,,,,,,,,,,,,,,,
11-Dec-18,"1,152.72","1,364.73","1,541.03","2,239.41","2,321.82","2,991.41","1,762.80",,,,,,,,,,,,,,,,,,,
18-Dec-18,962.89,"1,196.29","1,351.16","2,106.92","2,070.34","2,976.14","1,597.62",,,,,,,,,,,,,,,,,,,
27-Dec-18,973.159,"1,234.77","1,614.01","2,586.21","2,879.72","3,004.45","2,240.62",,,,,,,,,,,,,,,,,,,
03-Jan-19,900.833,"1,159.70","1,383.27","2,027.79","2,162.73","2,995.01","1,755.46",,,,,,,,,,,,,,,,,,,
12-Jan-19,"1,093.83","1,318.12","1,506.37","1,905.35","2,073.92","2,983.46","1,868.78",,,,,,,,,,,,,,,,,,,
19-Jan-19,873.325,"1,135.67","1,351.98","1,804.51","1,994.17","3,025.00","1,781.18",,,,,,,,,,,,,,,,,,,
28-Jan-19,"1,017.59","1,187.18","1,442.50","2,055.39","2,185.56","2,974.49","1,831.23",,,,,,,,,,,,,,,,,,,
04-Feb-19,"1,658.64","1,779.06","1,890.97","2,227.27","2,434.59","2,937.96","2,080.48",,,,,,,,,,,,,,,,,,,
13-Feb-19,"1,746.40","1,683.94","1,763.12","2,028.50","1,800.38","2,965.95","1,460.88",,,,,,,,,,,,,,,,,,,
20-Feb-19,809.796,"1,011.37","1,215","1,587.84","1,729.85","3,060.49","1,586.34",,,,,,,,,,,,,,,,,,,
01-Mar-19,"1,054.78","1,238.71","1,488.85","1,913.60","2,120.99","3,026.31","1,912.75",,,,,,,,,,,,,,,,,,,
08-Mar-19,"1,054.43","1,326.73","1,637.96","2,217.23","2,422.33","3,037.69","1,971.52",,,,,,,,,,,,,,,,,,,
17-Mar-19,"1,086.06","1,350.28","1,578.62","2,117.65","2,267.56","3,075.24","1,964.30",,,,,,,,,,,,,,,,,,,
24-Mar-19,993.073,"1,318.06","1,665.46","2,443.85","2,643.18","3,114.36","2,154.22",,,,,,,,,,,,,,,,,,,
02-Apr-19,"1,116.54","1,446.43","1,885.53","2,668.24","3,003.03","3,164.48","2,493.10",,,,,,,,,,,,,,,,,,,
09-Apr-19,951.155,"1,287.61","1,584.93","2,120.45","2,357.20","3,147.37","2,042.22",,,,,,,,,,,,,,,,,,,
18-Apr-19,"1,094.76","1,452.26","1,790.14","2,429.17","2,704.49","3,118.26","2,228.65",,,,,,,,,,,,,,,,,,,
25-Apr-19,"1,025.17","1,336.31","1,623.32","2,190.71","2,472.80","3,137.66","2,042.40",,,,,,,,,,,,,,,,,,,
04-May-19,"1,199.20","1,436.54","1,717.99","2,273.18","2,426.05","3,090.02","2,126.65",,,,,,,,,,,,,,,,,,,
11-May-19,"1,087.16","1,446.20","1,778.75","2,316.73","2,569.11","3,094.72","2,099.12",,,,,,,,,,,,,,,,,,,
20-May-19,"1,226.40","1,552.61","1,821.07","2,227.78","2,420.96","3,124.23","2,115.69",,,,,,,,,,,,,,,,,,,
27-May-19,"1,052.13","1,411.39","1,755.52","2,267.01","2,569.94","3,142.35","2,094.08",,,,,,,,,,,,,,,,,,,
05-Jun-19,"1,151.72","1,416.53","1,752.59","2,438.72","2,595.37","3,117.16","2,159.66",,,,,,,,,,,,,,,,,,,
28-Jun-19,"4,637.68","4,800.49","4,931.02","5,327.24","2,307.67","2,386.22","2,021.34",,,,,,,,,,,,,,,,,,,
23-Jul-19,"2,404.28","2,258.73","2,421.64","2,633.85","2,184.13","2,946.68","1,594.13",,,,,,,,,,,,,,,,,,,
24-Aug-19,"1,097.34","1,194.68","1,095.88","1,384.56",956.21,"2,956.40",694.873,,,,,,,,,,,,,,,,,,,
31-Aug-19,"1,422.63","1,537.76","1,438.75","1,711.28","1,236.67","2,858.12",961.841,,,,,,,,,,,,,,,,,,,
11-Oct-19,500.716,618.902,514.01,660.366,370.943,"3,011.62",289.804,,,,,,,,,,,,,,,,,,,
18-Oct-19,741.462,863.226,802.794,"1,144.88",801.347,"3,003.13",605.663,,,,,,,,,,,,,,,,,,,
12-Nov-19,869.749,872.206,877.411,"1,237.53",955.349,"2,997.42",737.417,,,,,,,,,,,,,,,,,,,
19-Nov-19,744.903,856.517,817.111,"1,016.55",785.01,"2,991.32",631.99,,,,,,,,,,,,,,,,,,,
28-Nov-19,"1,372.34","1,361.35","1,241.90","1,275.41",673.371,"2,950.22",415.761,,,,,,,,,,,,,,,,,,,
05-Dec-19,"1,554.44","1,636.55","1,634.63","1,874.06","1,725.91","2,778.41","1,592.09",,,,,,,,,,,,,,,,,,,
14-Dec-19,727.816,838.52,790.796,941.459,722.878,"2,934.71",557.163,,,,,,,,,,,,,,,,,,,
21-Dec-19,"1,016.85","1,130.11","1,098.79","1,137.16",862.86,"2,940.55",681.705,,,,,,,,,,,,,,,,,,,
30-Dec-19,777.705,900.202,887.992,"1,072.40",930.682,"2,908.85",754.279,,,,,,,,,,,,,,,,,,,
